scope,segment,games,accuracy,log_loss,roc_auc,brier_score,avg_confidence,correct,incorrect,date_min,date_max,window
league,all,145,0.7862068965517242,0.4880589058223681,0.8362068965517242,0.1606688158037016,0.7127256924216336,114,31,2026-03-11,2026-03-29,all
league,recent_10,10,0.8,0.491095510077031,0.9047619047619048,0.15810256471471296,0.6738617330789567,8,2,2026-03-28,2026-03-29,last_10
league,recent_25,25,0.84,0.4660161361268827,0.8541666666666666,0.15047049508646596,0.719812675848287,21,4,2026-03-27,2026-03-29,last_25
league,recent_30,30,0.8666666666666667,0.4571224453230153,0.8465608465608465,0.1453646121505313,0.7117125323536343,26,4,2026-03-25,2026-03-29,last_30
league,recent_50,50,0.82,0.47801016598389956,0.8472222222222222,0.15472106803626529,0.7052531463576761,41,9,2026-03-23,2026-03-29,last_50
thunder,all,9,0.8888888888888888,0.33209649822845744,1.0,0.09480470665654336,0.7452965777995989,8,1,2026-03-12,2026-03-29,all
thunder,recent_5,5,0.8,0.33495866741622804,1.0,0.09953461916830833,0.7561045430600644,4,1,2026-03-21,2026-03-29,last_5
thunder,recent_10,9,0.8888888888888888,0.33209649822845744,1.0,0.09480470665654336,0.7452965777995989,8,1,2026-03-12,2026-03-29,last_10
thunder,recent_20,9,0.8888888888888888,0.33209649822845744,1.0,0.09480470665654336,0.7452965777995989,8,1,2026-03-12,2026-03-29,last_20
