scope,segment,games,accuracy,log_loss,roc_auc,brier_score,avg_confidence,correct,incorrect,date_min,date_max
league,predicted_home,90,0.8111111111111111,0.47957025129850356,0.6422240128928284,0.15567497083245715,0.7309571622577684,73,17,2026-03-11,2026-03-29
league,predicted_away,55,0.7454545454545455,0.5019494314068739,0.7482578397212544,0.1688405621202834,0.6828923781443224,41,14,2026-03-11,2026-03-29
league,high_confidence,98,0.826530612244898,0.4188883023749919,0.871415770609319,0.13219846195581916,0.780923689577523,81,17,2026-03-11,2026-03-29
league,coin_flip,15,0.5333333333333333,0.7039821724271557,0.5357142857142856,0.2553951051552002,0.5191311071010758,8,7,2026-03-11,2026-03-29
thunder,home,4,1.0,0.2841229535462656,,0.06926699006921046,0.7602807228626124,4,0,2026-03-12,2026-03-29
thunder,away,5,0.8,0.37047533397421095,1.0,0.11523487992640971,0.7333092617491881,4,1,2026-03-17,2026-03-25
thunder,favored,9,0.8888888888888888,0.33209649822845744,1.0,0.09480470665654336,0.7452965777995989,8,1,2026-03-12,2026-03-29
thunder,high_confidence,7,1.0,0.2330538709606357,,0.05249259446513815,0.8001034787289479,7,0,2026-03-12,2026-03-29
thunder,coin_flip,1,0.0,0.7839671468522806,,0.29529328712473246,0.5434089501698812,0,1,2026-03-25,2026-03-25
